
{
  "name": "eventos",
  "options": {
    "validator": {
      "$jsonSchema": {
        "bsonType": "object",
        "required": ["titulo", "tipo", "dataInicio", "responsavel"],
        "properties": {
          "titulo": {
            "bsonType": "string",
            "description": "Título do evento"
          },
          "tipo": {
            "bsonType": "string",
            "enum": ["curso", "workshop", "palestra", "evento", "ação social", "reunião", "outros"],
            "description": "Tipo do evento"
          },
          "descricao": {
            "bsonType": "string",
            "description": "Descrição do evento"
          },
          "dataInicio": {
            "bsonType": "string",
            "title": "datetime",
            "description": "Data de início"
          },
          "dataFim": {
            "bsonType": "string",
            "title": "datetime",
            "description": "Data de término"
          },
          "horario": {
            "bsonType": "string",
            "description": "Horário do evento"
          },
          "local": {
            "bsonType": "string",
            "description": "Local do evento"
          },
          "endereco": {
            "bsonType": "string",
            "description": "Endereço completo"
          },
          "responsavel": {
            "bsonType": "string",
            "description": "Responsável pelo evento"
          },
          "participantes": {
            "bsonType": "array",
            "items": {"bsonType": "string"},
            "description": "Lista de participantes"
          },
          "capacidade": {
            "bsonType": "int",
            "minimum": 1,
            "description": "Capacidade máxima"
          },
          "inscritos": {
            "bsonType": "int",
            "minimum": 0,
            "description": "Número de inscritos"
          },
          "status": {
            "bsonType": "string",
            "enum": ["planejado", "em andamento", "concluído", "cancelado", "adiado"],
            "description": "Status do evento"
          },
          "recursos": {
            "bsonType": "array",
            "items": {"bsonType": "string"},
            "description": "Recursos necessários"
          },
          "orcamento": {
            "bsonType": "number",
            "minimum": 0,
            "description": "Orçamento previsto"
          },
          "fotos": {
            "bsonType": "array",
            "items": {
              "bsonType": "object",
              "properties": {
                "url": {"bsonType": "string"},
                "legenda": {"bsonType": "string"},
                "data": {"bsonType": "string", "title": "datetime"}
              }
            },
            "description": "Banco de fotos do evento"
          },
          "relatorioUrl": {
            "bsonType": "string",
            "description": "URL do relatório final"
          },
          "creator": {
            "bsonType": "string",
            "description": "Usuário que criou"
          },
          "createdAt": {
            "bsonType": "string",
            "title": "datetime",
            "description": "Data de criação"
          },
          "updatedAt": {
            "bsonType": "string",
            "title": "datetime",
            "description": "Data de atualização"
          }
        },
        "additionalProperties": true
      }
    },
    "validationLevel": "moderate",
    "validationAction": "warn"
  }
}
