
{
  "name": "visitasTecnicas",
  "options": {
    "validator": {
      "$jsonSchema": {
        "bsonType": "object",
        "required": ["titulo", "local", "dataVisita", "responsavel"],
        "properties": {
          "titulo": {
            "bsonType": "string",
            "description": "Título da visita técnica"
          },
          "local": {
            "bsonType": "string",
            "description": "Local da visita"
          },
          "endereco": {
            "bsonType": "string",
            "description": "Endereço completo"
          },
          "dataVisita": {
            "bsonType": "string",
            "title": "datetime",
            "description": "Data da visita"
          },
          "horario": {
            "bsonType": "string",
            "description": "Horário da visita"
          },
          "responsavel": {
            "bsonType": "string",
            "description": "Responsável pela visita"
          },
          "participantes": {
            "bsonType": "array",
            "items": {"bsonType": "string"},
            "description": "Lista de participantes"
          },
          "objetivos": {
            "bsonType": "string",
            "description": "Objetivos da visita"
          },
          "atividades": {
            "bsonType": "string",
            "description": "Atividades realizadas"
          },
          "observacoes": {
            "bsonType": "string",
            "description": "Observações gerais"
          },
          "resultados": {
            "bsonType": "string",
            "description": "Resultados obtidos"
          },
          "status": {
            "bsonType": "string",
            "enum": ["planejada", "realizada", "cancelada", "adiada"],
            "description": "Status da visita"
          },
          "relatorioUrl": {
            "bsonType": "string",
            "description": "URL do relatório"
          },
          "fotos": {
            "bsonType": "array",
            "items": {"bsonType": "string"},
            "description": "URLs das fotos"
          },
          "creator": {
            "bsonType": "string",
            "description": "Usuário que criou"
          },
          "createdAt": {
            "bsonType": "string",
            "title": "datetime",
            "description": "Data de criação"
          },
          "updatedAt": {
            "bsonType": "string",
            "title": "datetime",
            "description": "Data de atualização"
          }
        },
        "additionalProperties": true
      }
    },
    "validationLevel": "moderate",
    "validationAction": "warn"
  }
}
