
{
  "name": "alunos",
  "options": {
    "validator": {
      "$jsonSchema": {
        "bsonType": "object",
        "required": ["nome", "cpf", "dataNascimento", "situacao", "dataMatricula"],
        "properties": {
          "nome": {
            "bsonType": "string",
            "description": "Nome completo do aluno"
          },
          "cpf": {
            "bsonType": "string",
            "pattern": "^[0-9]{11}$",
            "description": "CPF do aluno (apenas números)"
          },
          "rg": {
            "bsonType": "string",
            "description": "RG do aluno"
          },
          "dataNascimento": {
            "bsonType": "string",
            "title": "datetime",
            "description": "Data de nascimento do aluno"
          },
          "endereco": {
            "bsonType": "object",
            "properties": {
              "rua": {"bsonType": "string"},
              "numero": {"bsonType": "string"},
              "bairro": {"bsonType": "string"},
              "cidade": {"bsonType": "string"},
              "cep": {"bsonType": "string"}
            }
          },
          "contato": {
            "bsonType": "object",
            "properties": {
              "telefone": {"bsonType": "string"},
              "email": {"bsonType": "string"}
            }
          },
          "responsavel": {
            "bsonType": "object",
            "properties": {
              "nome": {"bsonType": "string"},
              "telefone": {"bsonType": "string"},
              "parentesco": {"bsonType": "string"}
            }
          },
          "situacao": {
            "bsonType": "string",
            "enum": ["ativo", "inativo", "egresso", "desistente"],
            "description": "Situação atual do aluno"
          },
          "dataMatricula": {
            "bsonType": "string",
            "title": "datetime",
            "description": "Data da matrícula"
          },
          "curso": {
            "bsonType": "string",
            "description": "Curso em que está matriculado"
          },
          "turma": {
            "bsonType": "string",
            "description": "Turma do aluno"
          },
          "observacoes": {
            "bsonType": "string",
            "description": "Observações sobre o aluno"
          },
          "creator": {
            "bsonType": "string",
            "description": "Usuário que cadastrou"
          },
          "createdAt": {
            "bsonType": "string",
            "title": "datetime",
            "description": "Data de criação do registro"
          },
          "updatedAt": {
            "bsonType": "string",
            "title": "datetime",
            "description": "Data de atualização do registro"
          }
        },
        "additionalProperties": true
      }
    },
    "validationLevel": "moderate",
    "validationAction": "warn"
  }
}
