
{
  "name": "documentos",
  "options": {
    "validator": {
      "$jsonSchema": {
        "bsonType": "object",
        "required": ["titulo", "tipo", "categoria", "dataDocumento"],
        "properties": {
          "titulo": {
            "bsonType": "string",
            "description": "Título do documento"
          },
          "tipo": {
            "bsonType": "string",
            "enum": ["ata", "relatório", "ofício", "certificado", "contrato", "projeto", "outros"],
            "description": "Tipo do documento"
          },
          "categoria": {
            "bsonType": "string",
            "enum": ["administrativo", "pedagógico", "financeiro", "jurídico", "institucional"],
            "description": "Categoria do documento"
          },
          "numero": {
            "bsonType": "string",
            "description": "Número do documento"
          },
          "dataDocumento": {
            "bsonType": "string",
            "title": "datetime",
            "description": "Data do documento"
          },
          "autor": {
            "bsonType": "string",
            "description": "Autor do documento"
          },
          "destinatario": {
            "bsonType": "string",
            "description": "Destinatário do documento"
          },
          "assunto": {
            "bsonType": "string",
            "description": "Assunto do documento"
          },
          "descricao": {
            "bsonType": "string",
            "description": "Descrição detalhada"
          },
          "status": {
            "bsonType": "string",
            "enum": ["rascunho", "finalizado", "enviado", "arquivado"],
            "description": "Status do documento"
          },
          "arquivoUrl": {
            "bsonType": "string",
            "description": "URL do arquivo"
          },
          "palavrasChave": {
            "bsonType": "array",
            "items": {"bsonType": "string"},
            "description": "Palavras-chave para busca"
          },
          "creator": {
            "bsonType": "string",
            "description": "Usuário que criou"
          },
          "createdAt": {
            "bsonType": "string",
            "title": "datetime",
            "description": "Data de criação"
          },
          "updatedAt": {
            "bsonType": "string",
            "title": "datetime",
            "description": "Data de atualização"
          }
        },
        "additionalProperties": true
      }
    },
    "validationLevel": "moderate",
    "validationAction": "warn"
  }
}
