
{
  "name": "tarefas",
  "options": {
    "validator": {
      "$jsonSchema": {
        "bsonType": "object",
        "required": ["titulo", "responsavel", "prazo", "prioridade"],
        "properties": {
          "titulo": {
            "bsonType": "string",
            "description": "Título da tarefa"
          },
          "descricao": {
            "bsonType": "string",
            "description": "Descrição detalhada"
          },
          "responsavel": {
            "bsonType": "string",
            "description": "Responsável pela tarefa"
          },
          "colaboradores": {
            "bsonType": "array",
            "items": {"bsonType": "string"},
            "description": "Colaboradores envolvidos"
          },
          "prazo": {
            "bsonType": "string",
            "title": "datetime",
            "description": "Prazo para conclusão"
          },
          "prioridade": {
            "bsonType": "string",
            "enum": ["baixa", "média", "alta", "urgente"],
            "description": "Prioridade da tarefa"
          },
          "categoria": {
            "bsonType": "string",
            "enum": ["administrativa", "pedagógica", "manutenção", "evento", "projeto", "outros"],
            "description": "Categoria da tarefa"
          },
          "status": {
            "bsonType": "string",
            "enum": ["pendente", "em andamento", "concluída", "cancelada", "adiada"],
            "description": "Status atual"
          },
          "progresso": {
            "bsonType": "int",
            "minimum": 0,
            "maximum": 100,
            "description": "Percentual de progresso"
          },
          "evidencias": {
            "bsonType": "array",
            "items": {
              "bsonType": "object",
              "properties": {
                "tipo": {"bsonType": "string", "enum": ["foto", "documento", "relatório", "outros"]},
                "url": {"bsonType": "string"},
                "descricao": {"bsonType": "string"},
                "data": {"bsonType": "string", "title": "datetime"}
              }
            },
            "description": "Evidências do andamento"
          },
          "observacoes": {
            "bsonType": "string",
            "description": "Observações e comentários"
          },
          "dataConclusao": {
            "bsonType": "string",
            "title": "datetime",
            "description": "Data de conclusão"
          },
          "creator": {
            "bsonType": "string",
            "description": "Usuário que criou"
          },
          "createdAt": {
            "bsonType": "string",
            "title": "datetime",
            "description": "Data de criação"
          },
          "updatedAt": {
            "bsonType": "string",
            "title": "datetime",
            "description": "Data de atualização"
          }
        },
        "additionalProperties": true
      }
    },
    "validationLevel": "moderate",
    "validationAction": "warn"
  }
}
